<?xml version="1.0"?>
<spawns>
	<spawn centerx="1014" centery="1024" centerz="5" radius="2">
		<npc name="tamoril" x="-1" y="0" z="5" spawntime="90" direction="2" />
	</spawn>
	<spawn centerx="988" centery="1023" centerz="6" radius="1">
		<npc name="haroun" x="0" y="0" z="6" spawntime="60" />
	</spawn>
	<spawn centerx="996" centery="1023" centerz="6" radius="1">
		<npc name="alesar" x="0" y="0" z="6" spawntime="60" />
	</spawn>
	<spawn centerx="1002" centery="1025" centerz="6" radius="1">
		<npc name="esrik" x="-1" y="1" z="6" spawntime="60" />
	</spawn>
	<spawn centerx="984" centery="1030" centerz="6" radius="1">
		<npc name="yasir" x="1" y="0" z="6" spawntime="60" />
	</spawn>
	<spawn centerx="1004" centery="1031" centerz="6" radius="1">
		<npc name="yaman" x="0" y="1" z="6" spawntime="60" />
	</spawn>
	<spawn centerx="1005" centery="1033" centerz="6" radius="1" />
	<spawn centerx="990" centery="1036" centerz="6" radius="1">
		<npc name="nah_bob" x="1" y="0" z="6" spawntime="60" />
	</spawn>
	<spawn centerx="998" centery="1037" centerz="6" radius="1">
		<npc name="rashid" x="0" y="-1" z="6" spawntime="60" />
	</spawn>
	<spawn centerx="1059" centery="1018" centerz="7" radius="3">
		<npc name="zuma_magehide" x="-1" y="1" z="7" spawntime="60" />
	</spawn>
	<spawn centerx="1066" centery="1018" centerz="7" radius="3">
		<npc name="runtel_blackspark" x="0" y="3" z="7" spawntime="60" />
	</spawn>
	<spawn centerx="1003" centery="1019" centerz="7" radius="1">
		<npc name="hanna" x="0" y="0" z="7" spawntime="60" />
	</spawn>
	<spawn centerx="990" centery="1027" centerz="7" radius="1">
		<npc name="archery" x="0" y="0" z="7" spawntime="60" />
	</spawn>
	<spawn centerx="994" centery="1034" centerz="7" radius="1">
		<npc name="rock_in_a_hard_place" x="-1" y="0" z="7" spawntime="60" />
	</spawn>
	<spawn centerx="1001" centery="1036" centerz="7" radius="1">
		<npc name="lailene" x="0" y="0" z="7" spawntime="60" />
	</spawn>
	<spawn centerx="32354" centery="32226" centerz="7" radius="1">
		<npc name="cassino" x="0" y="0" z="7" spawntime="60" />
	</spawn>
</spawns>
