<?xml version="1.0"?>
<spawns>
	<spawn centerx="1182" centery="1028" centerz="7" radius="30">
		<monster name="Training Monk" x="-25" y="-26" z="7" spawntime="60" />
		<monster name="Training Monk" x="-23" y="-26" z="7" spawntime="60" />
		<monster name="Training Monk" x="-17" y="-26" z="7" spawntime="60" />
		<monster name="Training Monk" x="-15" y="-26" z="7" spawntime="60" />
		<monster name="Training Monk" x="-12" y="-26" z="7" spawntime="60" />
		<monster name="Training Monk" x="-10" y="-26" z="7" spawntime="60" />
		<monster name="Training Monk" x="-4" y="-26" z="7" spawntime="60" />
		<monster name="Training Monk" x="-2" y="-26" z="7" spawntime="60" />
		<monster name="Training Monk" x="1" y="-26" z="7" spawntime="60" />
		<monster name="Training Monk" x="3" y="-26" z="7" spawntime="60" />
		<monster name="Training Monk" x="9" y="-26" z="7" spawntime="60" />
		<monster name="Training Monk" x="11" y="-26" z="7" spawntime="60" />
		<monster name="Training Monk" x="14" y="-26" z="7" spawntime="60" />
		<monster name="Training Monk" x="16" y="-26" z="7" spawntime="60" />
		<monster name="Training Monk" x="22" y="-26" z="7" spawntime="60" />
		<monster name="Training Monk" x="24" y="-26" z="7" spawntime="60" />
		<monster name="Training Monk" x="-25" y="-23" z="7" spawntime="60" />
		<monster name="Training Monk" x="-23" y="-23" z="7" spawntime="60" />
		<monster name="Training Monk" x="-17" y="-23" z="7" spawntime="60" />
		<monster name="Training Monk" x="-15" y="-23" z="7" spawntime="60" />
		<monster name="Training Monk" x="-12" y="-23" z="7" spawntime="60" />
		<monster name="Training Monk" x="-10" y="-23" z="7" spawntime="60" />
		<monster name="Training Monk" x="-4" y="-23" z="7" spawntime="60" />
		<monster name="Training Monk" x="-2" y="-23" z="7" spawntime="60" />
		<monster name="Training Monk" x="1" y="-23" z="7" spawntime="60" />
		<monster name="Training Monk" x="3" y="-23" z="7" spawntime="60" />
		<monster name="Training Monk" x="9" y="-23" z="7" spawntime="60" />
		<monster name="Training Monk" x="11" y="-23" z="7" spawntime="60" />
		<monster name="Training Monk" x="14" y="-23" z="7" spawntime="60" />
		<monster name="Training Monk" x="16" y="-23" z="7" spawntime="60" />
		<monster name="Training Monk" x="22" y="-23" z="7" spawntime="60" />
		<monster name="Training Monk" x="24" y="-23" z="7" spawntime="60" />
		<monster name="Training Monk" x="-25" y="-20" z="7" spawntime="60" />
		<monster name="Training Monk" x="-23" y="-20" z="7" spawntime="60" />
		<monster name="Training Monk" x="-17" y="-20" z="7" spawntime="60" />
		<monster name="Training Monk" x="-15" y="-20" z="7" spawntime="60" />
		<monster name="Training Monk" x="-12" y="-20" z="7" spawntime="60" />
		<monster name="Training Monk" x="-10" y="-20" z="7" spawntime="60" />
		<monster name="Training Monk" x="-4" y="-20" z="7" spawntime="60" />
		<monster name="Training Monk" x="-2" y="-20" z="7" spawntime="60" />
		<monster name="Training Monk" x="1" y="-20" z="7" spawntime="60" />
		<monster name="Training Monk" x="3" y="-20" z="7" spawntime="60" />
		<monster name="Training Monk" x="9" y="-20" z="7" spawntime="60" />
		<monster name="Training Monk" x="11" y="-20" z="7" spawntime="60" />
		<monster name="Training Monk" x="14" y="-20" z="7" spawntime="60" />
		<monster name="Training Monk" x="16" y="-20" z="7" spawntime="60" />
		<monster name="Training Monk" x="22" y="-20" z="7" spawntime="60" />
		<monster name="Training Monk" x="24" y="-20" z="7" spawntime="60" />
		<monster name="Training Monk" x="-25" y="-17" z="7" spawntime="60" />
		<monster name="Training Monk" x="-23" y="-17" z="7" spawntime="60" />
		<monster name="Training Monk" x="-17" y="-17" z="7" spawntime="60" />
		<monster name="Training Monk" x="-15" y="-17" z="7" spawntime="60" />
		<monster name="Training Monk" x="-12" y="-17" z="7" spawntime="60" />
		<monster name="Training Monk" x="-10" y="-17" z="7" spawntime="60" />
		<monster name="Training Monk" x="-4" y="-17" z="7" spawntime="60" />
		<monster name="Training Monk" x="-2" y="-17" z="7" spawntime="60" />
		<monster name="Training Monk" x="1" y="-17" z="7" spawntime="60" />
		<monster name="Training Monk" x="3" y="-17" z="7" spawntime="60" />
		<monster name="Training Monk" x="9" y="-17" z="7" spawntime="60" />
		<monster name="Training Monk" x="11" y="-17" z="7" spawntime="60" />
		<monster name="Training Monk" x="14" y="-17" z="7" spawntime="60" />
		<monster name="Training Monk" x="16" y="-17" z="7" spawntime="60" />
		<monster name="Training Monk" x="22" y="-17" z="7" spawntime="60" />
		<monster name="Training Monk" x="24" y="-17" z="7" spawntime="60" />
		<monster name="Training Monk" x="-25" y="-14" z="7" spawntime="60" />
		<monster name="Training Monk" x="-23" y="-14" z="7" spawntime="60" />
		<monster name="Training Monk" x="-17" y="-14" z="7" spawntime="60" />
		<monster name="Training Monk" x="-15" y="-14" z="7" spawntime="60" />
		<monster name="Training Monk" x="-12" y="-14" z="7" spawntime="60" />
		<monster name="Training Monk" x="-10" y="-14" z="7" spawntime="60" />
		<monster name="Training Monk" x="-4" y="-14" z="7" spawntime="60" />
		<monster name="Training Monk" x="-2" y="-14" z="7" spawntime="60" />
		<monster name="Training Monk" x="1" y="-14" z="7" spawntime="60" />
		<monster name="Training Monk" x="3" y="-14" z="7" spawntime="60" />
		<monster name="Training Monk" x="9" y="-14" z="7" spawntime="60" />
		<monster name="Training Monk" x="11" y="-14" z="7" spawntime="60" />
		<monster name="Training Monk" x="14" y="-14" z="7" spawntime="60" />
		<monster name="Training Monk" x="16" y="-14" z="7" spawntime="60" />
		<monster name="Training Monk" x="22" y="-14" z="7" spawntime="60" />
		<monster name="Training Monk" x="24" y="-14" z="7" spawntime="60" />
		<monster name="Training Monk" x="-25" y="-11" z="7" spawntime="60" />
		<monster name="Training Monk" x="-23" y="-11" z="7" spawntime="60" />
		<monster name="Training Monk" x="-17" y="-11" z="7" spawntime="60" />
		<monster name="Training Monk" x="-15" y="-11" z="7" spawntime="60" />
		<monster name="Training Monk" x="-12" y="-11" z="7" spawntime="60" />
		<monster name="Training Monk" x="-10" y="-11" z="7" spawntime="60" />
		<monster name="Training Monk" x="-4" y="-11" z="7" spawntime="60" />
		<monster name="Training Monk" x="-2" y="-11" z="7" spawntime="60" />
		<monster name="Training Monk" x="1" y="-11" z="7" spawntime="60" />
		<monster name="Training Monk" x="3" y="-11" z="7" spawntime="60" />
		<monster name="Training Monk" x="9" y="-11" z="7" spawntime="60" />
		<monster name="Training Monk" x="11" y="-11" z="7" spawntime="60" />
		<monster name="Training Monk" x="14" y="-11" z="7" spawntime="60" />
		<monster name="Training Monk" x="16" y="-11" z="7" spawntime="60" />
		<monster name="Training Monk" x="22" y="-11" z="7" spawntime="60" />
		<monster name="Training Monk" x="24" y="-11" z="7" spawntime="60" />
		<monster name="Training Monk" x="-17" y="-8" z="7" spawntime="60" />
		<monster name="Training Monk" x="-15" y="-8" z="7" spawntime="60" />
		<monster name="Training Monk" x="-12" y="-8" z="7" spawntime="60" />
		<monster name="Training Monk" x="-10" y="-8" z="7" spawntime="60" />
		<monster name="Training Monk" x="-4" y="-8" z="7" spawntime="60" />
		<monster name="Training Monk" x="-2" y="-8" z="7" spawntime="60" />
		<monster name="Training Monk" x="1" y="-8" z="7" spawntime="60" />
		<monster name="Training Monk" x="3" y="-8" z="7" spawntime="60" />
		<monster name="Training Monk" x="9" y="-8" z="7" spawntime="60" />
		<monster name="Training Monk" x="11" y="-8" z="7" spawntime="60" />
		<monster name="Training Monk" x="14" y="-8" z="7" spawntime="60" />
		<monster name="Training Monk" x="16" y="-8" z="7" spawntime="60" />
		<monster name="Training Monk" x="22" y="-8" z="7" spawntime="60" />
		<monster name="Training Monk" x="24" y="-8" z="7" spawntime="60" />
		<monster name="Training Monk" x="-17" y="-5" z="7" spawntime="60" />
		<monster name="Training Monk" x="-15" y="-5" z="7" spawntime="60" />
		<monster name="Training Monk" x="-12" y="-5" z="7" spawntime="60" />
		<monster name="Training Monk" x="-10" y="-5" z="7" spawntime="60" />
		<monster name="Training Monk" x="9" y="-5" z="7" spawntime="60" />
		<monster name="Training Monk" x="11" y="-5" z="7" spawntime="60" />
		<monster name="Training Monk" x="14" y="-5" z="7" spawntime="60" />
		<monster name="Training Monk" x="16" y="-5" z="7" spawntime="60" />
		<monster name="Training Monk" x="22" y="-5" z="7" spawntime="60" />
		<monster name="Training Monk" x="24" y="-5" z="7" spawntime="60" />
		<monster name="Training Monk" x="-17" y="3" z="7" spawntime="60" />
		<monster name="Training Monk" x="-15" y="3" z="7" spawntime="60" />
		<monster name="Training Monk" x="-12" y="3" z="7" spawntime="60" />
		<monster name="Training Monk" x="-10" y="3" z="7" spawntime="60" />
		<monster name="Training Monk" x="9" y="3" z="7" spawntime="60" />
		<monster name="Training Monk" x="11" y="3" z="7" spawntime="60" />
		<monster name="Training Monk" x="14" y="3" z="7" spawntime="60" />
		<monster name="Training Monk" x="16" y="3" z="7" spawntime="60" />
		<monster name="Training Monk" x="22" y="3" z="7" spawntime="60" />
		<monster name="Training Monk" x="24" y="3" z="7" spawntime="60" />
		<monster name="Training Monk" x="-17" y="6" z="7" spawntime="60" />
		<monster name="Training Monk" x="-15" y="6" z="7" spawntime="60" />
		<monster name="Training Monk" x="-12" y="6" z="7" spawntime="60" />
		<monster name="Training Monk" x="-10" y="6" z="7" spawntime="60" />
		<monster name="Training Monk" x="-4" y="6" z="7" spawntime="60" />
		<monster name="Training Monk" x="-2" y="6" z="7" spawntime="60" />
		<monster name="Training Monk" x="1" y="6" z="7" spawntime="60" />
		<monster name="Training Monk" x="3" y="6" z="7" spawntime="60" />
		<monster name="Training Monk" x="9" y="6" z="7" spawntime="60" />
		<monster name="Training Monk" x="11" y="6" z="7" spawntime="60" />
		<monster name="Training Monk" x="14" y="6" z="7" spawntime="60" />
		<monster name="Training Monk" x="16" y="6" z="7" spawntime="60" />
		<monster name="Training Monk" x="22" y="6" z="7" spawntime="60" />
		<monster name="Training Monk" x="24" y="6" z="7" spawntime="60" />
		<monster name="Training Monk" x="-25" y="9" z="7" spawntime="60" />
		<monster name="Training Monk" x="-23" y="9" z="7" spawntime="60" />
		<monster name="Training Monk" x="-17" y="9" z="7" spawntime="60" />
		<monster name="Training Monk" x="-15" y="9" z="7" spawntime="60" />
		<monster name="Training Monk" x="-12" y="9" z="7" spawntime="60" />
		<monster name="Training Monk" x="-10" y="9" z="7" spawntime="60" />
		<monster name="Training Monk" x="-4" y="9" z="7" spawntime="60" />
		<monster name="Training Monk" x="-2" y="9" z="7" spawntime="60" />
		<monster name="Training Monk" x="1" y="9" z="7" spawntime="60" />
		<monster name="Training Monk" x="3" y="9" z="7" spawntime="60" />
		<monster name="Training Monk" x="9" y="9" z="7" spawntime="60" />
		<monster name="Training Monk" x="11" y="9" z="7" spawntime="60" />
		<monster name="Training Monk" x="14" y="9" z="7" spawntime="60" />
		<monster name="Training Monk" x="16" y="9" z="7" spawntime="60" />
		<monster name="Training Monk" x="22" y="9" z="7" spawntime="60" />
		<monster name="Training Monk" x="24" y="9" z="7" spawntime="60" />
		<monster name="Training Monk" x="-25" y="12" z="7" spawntime="60" />
		<monster name="Training Monk" x="-23" y="12" z="7" spawntime="60" />
		<monster name="Training Monk" x="-12" y="12" z="7" spawntime="60" />
		<monster name="Training Monk" x="-10" y="12" z="7" spawntime="60" />
		<monster name="Training Monk" x="-4" y="12" z="7" spawntime="60" />
		<monster name="Training Monk" x="-2" y="12" z="7" spawntime="60" />
		<monster name="Training Monk" x="1" y="12" z="7" spawntime="60" />
		<monster name="Training Monk" x="3" y="12" z="7" spawntime="60" />
		<monster name="Training Monk" x="9" y="12" z="7" spawntime="60" />
		<monster name="Training Monk" x="11" y="12" z="7" spawntime="60" />
		<monster name="Training Monk" x="14" y="12" z="7" spawntime="60" />
		<monster name="Training Monk" x="16" y="12" z="7" spawntime="60" />
		<monster name="Training Monk" x="22" y="12" z="7" spawntime="60" />
		<monster name="Training Monk" x="24" y="12" z="7" spawntime="60" />
		<monster name="Training Monk" x="-25" y="15" z="7" spawntime="60" />
		<monster name="Training Monk" x="-23" y="15" z="7" spawntime="60" />
		<monster name="Training Monk" x="-17" y="15" z="7" spawntime="60" />
		<monster name="Training Monk" x="-15" y="15" z="7" spawntime="60" />
		<monster name="Training Monk" x="-12" y="15" z="7" spawntime="60" />
		<monster name="Training Monk" x="-10" y="15" z="7" spawntime="60" />
		<monster name="Training Monk" x="-4" y="15" z="7" spawntime="60" />
		<monster name="Training Monk" x="-2" y="15" z="7" spawntime="60" />
		<monster name="Training Monk" x="1" y="15" z="7" spawntime="60" />
		<monster name="Training Monk" x="3" y="15" z="7" spawntime="60" />
		<monster name="Training Monk" x="9" y="15" z="7" spawntime="60" />
		<monster name="Training Monk" x="11" y="15" z="7" spawntime="60" />
		<monster name="Training Monk" x="14" y="15" z="7" spawntime="60" />
		<monster name="Training Monk" x="16" y="15" z="7" spawntime="60" />
		<monster name="Training Monk" x="22" y="15" z="7" spawntime="60" />
		<monster name="Training Monk" x="24" y="15" z="7" spawntime="60" />
		<monster name="Training Monk" x="-25" y="18" z="7" spawntime="60" />
		<monster name="Training Monk" x="-23" y="18" z="7" spawntime="60" />
		<monster name="Training Monk" x="-17" y="18" z="7" spawntime="60" />
		<monster name="Training Monk" x="-15" y="18" z="7" spawntime="60" />
		<monster name="Training Monk" x="-12" y="18" z="7" spawntime="60" />
		<monster name="Training Monk" x="-10" y="18" z="7" spawntime="60" />
		<monster name="Training Monk" x="-4" y="18" z="7" spawntime="60" />
		<monster name="Training Monk" x="-2" y="18" z="7" spawntime="60" />
		<monster name="Training Monk" x="1" y="18" z="7" spawntime="60" />
		<monster name="Training Monk" x="3" y="18" z="7" spawntime="60" />
		<monster name="Training Monk" x="9" y="18" z="7" spawntime="60" />
		<monster name="Training Monk" x="11" y="18" z="7" spawntime="60" />
		<monster name="Training Monk" x="14" y="18" z="7" spawntime="60" />
		<monster name="Training Monk" x="16" y="18" z="7" spawntime="60" />
		<monster name="Training Monk" x="22" y="18" z="7" spawntime="60" />
		<monster name="Training Monk" x="24" y="18" z="7" spawntime="60" />
		<monster name="Training Monk" x="-25" y="21" z="7" spawntime="60" />
		<monster name="Training Monk" x="-23" y="21" z="7" spawntime="60" />
		<monster name="Training Monk" x="-17" y="21" z="7" spawntime="60" />
		<monster name="Training Monk" x="-15" y="21" z="7" spawntime="60" />
		<monster name="Training Monk" x="-12" y="21" z="7" spawntime="60" />
		<monster name="Training Monk" x="-10" y="21" z="7" spawntime="60" />
		<monster name="Training Monk" x="-4" y="21" z="7" spawntime="60" />
		<monster name="Training Monk" x="-2" y="21" z="7" spawntime="60" />
		<monster name="Training Monk" x="1" y="21" z="7" spawntime="60" />
		<monster name="Training Monk" x="3" y="21" z="7" spawntime="60" />
		<monster name="Training Monk" x="9" y="21" z="7" spawntime="60" />
		<monster name="Training Monk" x="11" y="21" z="7" spawntime="60" />
		<monster name="Training Monk" x="14" y="21" z="7" spawntime="60" />
		<monster name="Training Monk" x="16" y="21" z="7" spawntime="60" />
		<monster name="Training Monk" x="22" y="21" z="7" spawntime="60" />
		<monster name="Training Monk" x="24" y="21" z="7" spawntime="60" />
		<monster name="Training Monk" x="-25" y="24" z="7" spawntime="60" />
		<monster name="Training Monk" x="-23" y="24" z="7" spawntime="60" />
		<monster name="Training Monk" x="-17" y="24" z="7" spawntime="60" />
		<monster name="Training Monk" x="-15" y="24" z="7" spawntime="60" />
		<monster name="Training Monk" x="-12" y="24" z="7" spawntime="60" />
		<monster name="Training Monk" x="-10" y="24" z="7" spawntime="60" />
		<monster name="Training Monk" x="-4" y="24" z="7" spawntime="60" />
		<monster name="Training Monk" x="-2" y="24" z="7" spawntime="60" />
		<monster name="Training Monk" x="1" y="24" z="7" spawntime="60" />
		<monster name="Training Monk" x="3" y="24" z="7" spawntime="60" />
		<monster name="Training Monk" x="9" y="24" z="7" spawntime="60" />
		<monster name="Training Monk" x="11" y="24" z="7" spawntime="60" />
		<monster name="Training Monk" x="14" y="24" z="7" spawntime="60" />
		<monster name="Training Monk" x="16" y="24" z="7" spawntime="60" />
		<monster name="Training Monk" x="22" y="24" z="7" spawntime="60" />
		<monster name="Training Monk" x="24" y="24" z="7" spawntime="60" />
	</spawn>
</spawns>
